date,news
2023-01-02,[2023-01-02] What's Happening in the World Economy: The Most-Anticipated ...
2023-01-02,[2023-01-02] Stocks stage first big rally of 2023 as hope grows that inflation will ...
2023-01-02,[2023-01-02] UK Retail Mood May Get Bleaker Following Next's Holiday Surprise ...
2023-01-02,[2023-01-02] Dow closes 300 points lower after strong jobs data signals more rate ...
2023-01-02,[2023-01-02] Half of Global Workforce Works Too Many or Too Few Hours Per ...
2023-01-09,[2023-01-09] Davos Latest News: What Will Happen at the World Economic ...
2023-01-09,[2023-01-09] Heading BRICS Is an Opportunity and a Risk for South Africa ...
2023-01-09,[2023-01-09] Stocks Week in Review: Defiant Bulls Stand Up to Fed With Trillion ...
2023-01-09,[2023-01-09] WEF 2023: Snowless Davos Shows the World's Elite Climate Risk to ...
2023-01-09,"[2023-01-09] Five Global Issues to Watch in 2023: Chip Shortage, Energy, China ..."
2023-01-16,[2023-01-16] What Will Happen in the World Economy This Week - Bloomberg
2023-01-16,[2023-01-16] Korean Won (KRW USD) Rally Nears End as Signs of Weaker ...
2023-01-16,[2023-01-16] What's Happening in the World Economy: The Fractured World is ...
2023-01-16,[2023-01-16] Next Africa: Buhari Adds One More Burden Before Departure ...
2023-01-16,"[2023-01-16] US Jobless Claims Drop to 190,000, Lowest Level Since September ..."
2023-01-23,[2023-01-23] China Economy Shows Muted Improvement After Covid Zero Over ...
2023-01-23,"[2023-01-23] Hedge Fund Week Brings Kim Kardashian, Nassim Taleb to Miami ..."
2023-01-23,[2023-01-23] Russia's Weekly Oil Exports Slump Back Down After Surge ...
2023-01-23,[2023-01-23] UK Interest Rate Cut in Sight for Traders Betting BOE Will Reverse ...
2023-01-23,[2023-01-23] Supply Chain Latest: Crop Prices Have Fallen But Food Crisis ...
